<?xml version="1.0" encoding="UTF-8"?>
<beans xmlns="http://www.springframework.org/schema/beans"
       xmlns:xsi="http://www.w3.org/2001/XMLSchema-instance"
       xmlns:context="http://www.springframework.org/schema/context"
       xsi:schemaLocation="http://www.springframework.org/schema/beans http://www.springframework.org/schema/beans/spring-beans.xsd http://www.springframework.org/schema/context https://www.springframework.org/schema/context/spring-context.xsd">
    <context:component-scan base-package="com.hive.service"/>
    <bean class="com.alibaba.druid.pool.DruidDataSource" id="druidDataSource">
        <!-- 给连接池提供连接信息-->
        <property name="driverClassName" value="com.mysql.cj.jdbc.Driver"/><!--定义java连接MySQL的驱动类-->
        <property name="url" value="jdbc:mysql://localhost:3306/teacher?characterEncoding=utf-8"/><!--定义MySQL的访问地址-->
        <property name="username" value="root"/><!--访问MySQL的用户名和密码-->
        <property name="password" value="1234"/>
    </bean>
    <!--将上述定义好好的连接池提供给mybatis-->
    <bean class="org.mybatis.spring.SqlSessionFactoryBean" id="sqlSessionFactory">
        <property name="dataSource" ref="druidDataSource"/>
    </bean>
    <!--由于dao层只有接口文件，无法直接使用，所以mybatis可以专门扫描dao包，扫描的作用是在程序运行时自动为接口生成一个实现类-->
    <bean class="org.mybatis.spring.mapper.MapperScannerConfigurer">
        <!--定义dao包路径-->
        <property name="basePackage" value="com.hive.dao"/>
    </bean>
</beans>